saved_trait,old_npc_count,port_source,registered
age,88,neoforge/src/main/java/net/citizensnpcs/trait/Age.java,True
dropstrait,1,neoforge/src/main/java/net/citizensnpcs/trait/DropsTrait.java,True
followtrait,1,neoforge/src/main/java/net/citizensnpcs/trait/FollowTrait.java,True
inventory,15,neoforge/src/main/java/net/citizensnpcs/api/trait/trait/Inventory.java,True
location,200,neoforge/src/main/java/net/citizensnpcs/api/trait/trait/CurrentLocation.java,True
lookclose,142,neoforge/src/main/java/net/citizensnpcs/trait/LookClose.java,True
mounttrait,35,neoforge/src/main/java/net/citizensnpcs/trait/MountTrait.java,True
owner,200,neoforge/src/main/java/net/citizensnpcs/api/trait/trait/Owner.java,True
scoreboardtrait,20,neoforge/src/main/java/net/citizensnpcs/trait/ScoreboardTrait.java,True
sentinel,7,neoforge/src/main/java/net/citizensnpcs/trait/SentinelTrait.java,True
sittrait,28,neoforge/src/main/java/net/citizensnpcs/trait/SitTrait.java,True
skintrait,200,neoforge/src/main/java/net/citizensnpcs/trait/SkinTrait.java,True
sleeptrait,4,neoforge/src/main/java/net/citizensnpcs/trait/SleepTrait.java,True
spawned,200,neoforge/src/main/java/net/citizensnpcs/api/trait/trait/Spawned.java,True
speech,1,,False
text,1,neoforge/src/main/java/net/citizensnpcs/trait/text/Text.java,True
type,200,neoforge/src/main/java/net/citizensnpcs/api/trait/trait/MobType.java,True
waypoints,9,neoforge/src/main/java/net/citizensnpcs/trait/waypoint/Waypoints.java,True
